display_name,name,forename,surname,party,constituency,twitter,username,gender
Nigel Adams,Nigel Adams,Nigel,Adams,Conservative,Selby and Ainsty,https://twitter.com/nadams,nadams,male
Bim Afolami,Bim Afolami,Abimbola,Afolami,Conservative,Hitchin and Harpenden,https://twitter.com/BimAfolami,BimAfolami,male
Adam Afriyie,Adam Afriyie,Adam,Afriyie,Conservative,Windsor,https://twitter.com/AdamAfriyie,AdamAfriyie,male
Imran Ahmad Khan,Imran Ahmad Khan,Imran,Ahmad Khan,Conservative,Wakefield,https://twitter.com/imranahmadkhan,imranahmadkhan,male
Nickie Aiken,Nickie Aiken,Nicola,Aiken,Conservative,Cities of London and Westminster,https://twitter.com/twocitiesnickie,twocitiesnickie,female
Peter Aldous,Peter Aldous,Peter,Aldous,Conservative,Waveney,https://twitter.com/peter_aldous,peter_aldous,male
Lucy Allan,Lucy Allan,Lucy,Allan,Conservative,Telford,https://twitter.com/lucyallan,lucyallan,female
Sir David Amess,David Amess,David,Amess,Conservative,Southend West,https://twitter.com/amessd_southend,amessd_southend,male
Lee Anderson,Lee Anderson,Lee,Anderson,Conservative,Ashfield,,,male
Stuart Anderson,Stuart Anderson,Stuart,Anderson,Conservative,Wolverhampton South West,https://twitter.com/Stuart4WolvesSW,Stuart4WolvesSW,male
Stuart Andrew,Stuart Andrew,Stuart,Andrew,Conservative,Pudsey,https://twitter.com/stuartandrew,stuartandrew,male
Caroline Ansell,Caroline Ansell,Caroline,Ansell,Conservative,Eastbourne,https://twitter.com/caroline_ansell,caroline_ansell,female
Edward Argar,Edward Argar,Edward,Argar,Conservative,Charnwood,,,male
Sarah Atherton,Sarah Atherton,Sarah,Atherton,Conservative,Wrexham,https://twitter.com/AthertonNWales,AthertonNWales,female
Victoria Atkins,Victoria Atkins,Victoria,Atkins,Conservative,Louth and Horncastle,,,female
Gareth Bacon,Gareth Bacon,Gareth,Bacon,Conservative,Orpington,https://twitter.com/garethbaconmp,garethbaconmp,male
Mr Richard Bacon,Richard Bacon,Richard,Bacon,Conservative,South Norfolk,,,male
Kemi Badenoch,Kemi Badenoch,Olukemi,Badenoch,Conservative,Saffron Walden,https://twitter.com/KemiBadenoch,KemiBadenoch,female
Shaun Bailey,Shaun Bailey,Shaun,Bailey,Conservative,West Bromwich West,https://twitter.com/shaun4wbw,shaun4wbw,male
Siobhan Baillie,Siobhan Baillie,Siobhan,Baillie,Conservative,Stroud,https://twitter.com/Siobhan_Baillie,Siobhan_Baillie,female
Duncan Baker,Duncan Baker,Duncan,Baker,Conservative,North Norfolk,https://twitter.com/duncancbaker,duncancbaker,male
Mr Steve Baker,Steve Baker,Steven,Baker,Conservative,Wycombe,https://twitter.com/stevebakerhw,stevebakerhw,male
Harriett Baldwin,Harriett Baldwin,Harriett,Baldwin,Conservative,West Worcestershire,https://twitter.com/hbaldwin,hbaldwin,female
Steve Barclay,Steve Barclay,Stephen,Barclay,Conservative,North East Cambridgeshire,https://twitter.com/SteveBarclay,SteveBarclay,male
Mr John Baron,John Baron,John,Baron,Conservative,Basildon and Billericay,,,male
Simon Baynes,Simon Baynes,Simon,Baynes,Conservative,Clwyd South,https://twitter.com/baynes_simon,baynes_simon,male
Aaron Bell,Aaron Bell,Aaron,Bell,Conservative,Newcastle-under-Lyme,https://twitter.com/AaronBell4NUL,AaronBell4NUL,male
Scott Benton,Scott Benton,Scott,Benton,Conservative,Blackpool South,https://twitter.com/ScottBentonMP,ScottBentonMP,male
Sir Paul Beresford,Paul Beresford,Alexander,Beresford,Conservative,Mole Valley,,,male
Jake Berry,Jake Berry,James,Berry,Conservative,Rossendale and Darwen,https://twitter.com/jakeberry,jakeberry,male
Saqib Bhatti,Saqib Bhatti,Mohammad Saqib,Bhatti,Conservative,Meriden,https://twitter.com/bhatti_saqib,bhatti_saqib,male
Bob Blackman,Bob Blackman,Robert,Blackman,Conservative,Harrow East,https://twitter.com/BobBlackman,BobBlackman,male
Crispin Blunt,Crispin Blunt,Crispin,Blunt,Conservative,Reigate,https://twitter.com/CrispinBlunt,CrispinBlunt,male
Mr Peter Bone,Peter Bone,Peter,Bone,Conservative,Wellingborough,https://twitter.com/PeterBoneUK,PeterBoneUK,male
Sir Peter Bottomley,Peter Bottomley,Peter,Bottomley,Conservative,Worthing West,https://twitter.com/PBottomleyMP,PBottomleyMP,male
Andrew Bowie,Andrew Bowie,Andrew,Bowie,Conservative,West Aberdeenshire and Kincardine,https://twitter.com/AndrewBowie_MP,AndrewBowie_MP,male
Ben Bradley,Ben Bradley,Benjamin,Bradley,Conservative,Mansfield,https://twitter.com/BBradley_Mans,BBradley_Mans,male
Karen Bradley,Karen Bradley,Karen,Bradley,Conservative,Staffordshire Moorlands,,,female
Sir Graham Brady,Graham Brady,Graham,Brady,Conservative,Altrincham and Sale West,https://twitter.com/SirGrahamBrady,SirGrahamBrady,male
Suella Braverman,Suella Braverman,Sue-Ellen,Braverman,Conservative,Fareham,https://twitter.com/suellabraverman,suellabraverman,female
Jack Brereton,Jack Brereton,Jack,Brereton,Conservative,Stoke-on-Trent South,,,male
Andrew Bridgen,Andrew Bridgen,Andrew,Bridgen,Conservative,North West Leicestershire,https://twitter.com/ABridgen,ABridgen,male
Steve Brine,Steve Brine,Stephen,Brine,Conservative,Winchester,https://twitter.com/BrineMP,BrineMP,male
Paul Bristow,Paul Bristow,Paul,Bristow,Conservative,Peterborough,https://twitter.com/paulbristow79,paulbristow79,male
Sara Britcliffe,Sara Britcliffe,Sara,Britcliffe,Conservative,Hyndburn,https://twitter.com/SarBritcliffeMP,SarBritcliffeMP,female
James Brokenshire,James Brokenshire,James,Brokenshire,Conservative,Old Bexley and Sidcup,https://twitter.com/JBrokenshire,JBrokenshire,male
Anthony Browne,Anthony Browne,Anthony,Browne,Conservative,South Cambridgeshire,https://twitter.com/ab4scambs,ab4scambs,male
Fiona Bruce,Fiona Bruce,Fiona,Bruce,Conservative,Congleton,,,female
Felicity Buchan,Felicity Buchan,Felicity,Buchan,Conservative,Kensington,https://twitter.com/FelicityBuchan,FelicityBuchan,female
Robert Buckland,Robert Buckland,Robert,Buckland,Conservative,South Swindon,https://twitter.com/RobertBuckland,RobertBuckland,male
Alex Burghart,Alex Burghart,Michael,Burghart,Conservative,Brentwood and Ongar,https://twitter.com/alexburghart,alexburghart,male
Conor Burns,Conor Burns,Conor,Burns,Conservative,Bournemouth West,https://twitter.com/ConorBurnsUK,ConorBurnsUK,male
Rob Butler,Rob Butler,Robert,Butler,Conservative,Aylesbury,,,male
Alun Cairns,Alun Cairns,Alun,Cairns,Conservative,Vale of Glamorgan,https://twitter.com/AlunCairns,AlunCairns,male
Andy Carter,Andy Carter,Andrew,Carter,Conservative,Warrington South,https://twitter.com/MrAndy_Carter,MrAndy_Carter,male
James Cartlidge,James Cartlidge,James,Cartlidge,Conservative,South Suffolk,https://twitter.com/jc4southsuffolk,jc4southsuffolk,male
Sir William Cash,William Cash,William,Cash,Conservative,Stone,https://twitter.com/BillCashMP,BillCashMP,male
Miriam Cates,Miriam Cates,Miriam,Cates,Conservative,Penistone and Stocksbridge,,,female
Maria Caulfield,Maria Caulfield,Maria,Caulfield,Conservative,Lewes,https://twitter.com/mariacaulfield,mariacaulfield,female
Alex Chalk,Alex Chalk,Alexander,Chalk,Conservative,Cheltenham,https://twitter.com/alexchalkchelt,alexchalkchelt,male
Rehman Chishti,Rehman Chishti,Atta-Ur-Rehman,Chishti,Conservative,Gillingham and Rainham,https://twitter.com/Rehman_Chishti,Rehman_Chishti,male
Sir Christopher Chope,Christopher Chope,Christopher,Chope,Conservative,Christchurch,,,male
Jo Churchill,Jo Churchill,Johanna,Churchill,Conservative,Bury St Edmunds,https://twitter.com/jochurchill4,jochurchill4,female
Greg Clark,Greg Clark,Gregory,Clark,Conservative,Tunbridge Wells,https://twitter.com/gregclarkmp,gregclarkmp,male
Brendan Clarke-Smith,Brendan Clarke-Smith,Brendan,Clarke-Smith,Conservative,Bassetlaw,https://twitter.com/Bren4Bassetlaw,Bren4Bassetlaw,male
Mr Simon Clarke,Simon Clarke,Simon,Clarke,Conservative,Middlesbrough South and East Cleveland,https://twitter.com/SimonClarkeMP,SimonClarkeMP,male
Theo Clarke,Theo Clarke,Theodora,Clarke,Conservative,Stafford,https://twitter.com/theodoraclarke,theodoraclarke,female
Chris Clarkson,Chris Clarkson,Christopher,Clarkson,Conservative,Heywood and Middleton,https://twitter.com/ChrisClarksonMP,ChrisClarksonMP,male
James Cleverly,James Cleverly,James,Cleverly,Conservative,Braintree,https://twitter.com/jamescleverly,jamescleverly,male
Sir Geoffrey Clifton-Brown,Geoffrey Clifton-Brown,Geoffrey,Clifton-Brown,Conservative,The Cotswolds,,,male
Dr Therese Coffey,Therese Coffey,Therese,Coffey,Conservative,Suffolk Coastal,https://twitter.com/theresecoffey,theresecoffey,female
Elliot Colburn,Elliot Colburn,Elliot,Colburn,Conservative,Carshalton and Wallington,https://twitter.com/ElliotColburn,ElliotColburn,male
Damian Collins,Damian Collins,Damian,Collins,Conservative,Folkestone and Hythe,https://twitter.com/DamianCollins,DamianCollins,male
Alberto Costa,Alberto Costa,Alberto,Costa,Conservative,South Leicestershire,https://twitter.com/albertocostamp,albertocostamp,male
Robert Courts,Robert Courts,Robert,Courts,Conservative,Witney,https://twitter.com/robertcourts,robertcourts,male
Claire Coutinho,Claire Coutinho,Claire,Coutinho,Conservative,East Surrey,https://twitter.com/ClaireCoutinho,ClaireCoutinho,female
Sir Geoffrey Cox,Geoffrey Cox,Charles,Cox,Conservative,Torridge and West Devon,https://twitter.com/Geoffrey_Cox,Geoffrey_Cox,male
Stephen Crabb,Stephen Crabb,Stephen,Crabb,Conservative,Preseli Pembrokeshire,https://twitter.com/SCrabbPembs,SCrabbPembs,male
Virginia Crosbie,Virginia Crosbie,Virginia,Crosbie,Conservative,Ynys Môn,,,female
Tracey Crouch,Tracey Crouch,Tracey,Crouch,Conservative,Chatham and Aylesford,https://twitter.com/tracey_crouch,tracey_crouch,female
James Daly,James Daly,James,Daly,Conservative,Bury North,https://twitter.com/JamesDalyMP,JamesDalyMP,male
David T C Davies,David T C Davies,David,Davies,Conservative,Monmouth,https://twitter.com/davidtcdavies,davidtcdavies,male
Dr James Davies,James Davies,James,Davies,Conservative,Vale of Clwyd,https://twitter.com/JamesDavies,JamesDavies,male
Gareth Davies,Gareth Davies,Gareth,Davies,Conservative,Grantham and Stamford,https://twitter.com/garethdavies_mp,garethdavies_mp,male
Mims Davies,Mims Davies,Miriam,Davies,Conservative,Mid Sussex,https://twitter.com/mimsdavies,mimsdavies,female
Philip Davies,Philip Davies,Philip,Davies,Conservative,Shipley,https://twitter.com/philipdaviesuk,philipdaviesuk,male
Mr David Davis,David Davis,David,Davis,Conservative,Haltemprice and Howden,https://twitter.com/DavidDavisMP,DavidDavisMP,male
Dehenna Davison,Dehenna Davison,Dehenna,Fareham,Conservative,Bishop Auckland,https://twitter.com/DehennaDavison,DehennaDavison,female
Caroline Dinenage,Caroline Dinenage,Caroline,Dinenage,Conservative,Gosport,https://twitter.com/cj_dinenage,cj_dinenage,female
Miss Sarah Dines,Sarah Dines,Sarah,Dines,Conservative,Derbyshire Dales,,,female
Mr Jonathan Djanogly,Jonathan Djanogly,Jonathan,Djanogly,Conservative,Huntingdon,https://twitter.com/JDjanogly,JDjanogly,male
Leo Docherty,Leo Docherty,Leo,Docherty,Conservative,Aldershot,https://twitter.com/LeoDochertyUK,LeoDochertyUK,male
Michelle Donelan,Michelle Donelan,Michelle,Donelan,Conservative,Chippenham,https://twitter.com/michelledonelan,michelledonelan,female
Ms Nadine Dorries,Nadine Dorries,Nadine,Dorries,Conservative,Mid Bedfordshire,,,female
Steve Double,Steve Double,Stephen,Double,Conservative,St Austell and Newquay,https://twitter.com/stevedouble,stevedouble,male
Oliver Dowden,Oliver Dowden,Oliver,Dowden,Conservative,Hertsmere,https://twitter.com/OliverDowden,OliverDowden,male
Jackie Doyle-Price,Jackie Doyle-Price,Jacqueline,Doyle-Price,Conservative,Thurrock,https://twitter.com/JACKIEDP,JACKIEDP,female
Richard Drax,Richard Drax,Richard,Plunkett-Ernle-Erle-Drax,Conservative,South Dorset,,,male
Mrs Flick Drummond,Flick Drummond,Felicia,Drummond,Conservative,Meon Valley,,,female
James Duddridge,James Duddridge,James,Duddridge,Conservative,Rochford and Southend East,https://twitter.com/JamesDuddridge,JamesDuddridge,male
David Duguid,David Duguid,David,Duguid,Conservative,Banff and Buchan,https://twitter.com/david_duguid,david_duguid,male
Sir Iain Duncan Smith,Iain Duncan Smith,George,Duncan Smith,Conservative,Chingford and Woodford Green,https://twitter.com/MPIainDS,MPIainDS,male
Philip Dunne,Philip Dunne,Philip,Dunne,Conservative,Ludlow,https://twitter.com/dunne4ludlow,dunne4ludlow,male
Mark Eastwood,Mark Eastwood,Mark,Eastwood,Conservative,Dewsbury,https://twitter.com/mark4dewsbury,mark4dewsbury,male
Ruth Edwards,Ruth Edwards,Ruth,Edwards,Conservative,Rushcliffe,,,female
Michael Ellis,Michael Ellis,Michael,Ellis,Conservative,Northampton North,https://twitter.com/Michael_Ellis1,Michael_Ellis1,male
Mr Tobias Ellwood,Tobias Ellwood,Tobias,Ellwood,Conservative,Bournemouth East,https://twitter.com/Tobias_Ellwood,Tobias_Ellwood,male
Mrs Natalie Elphicke,Natalie Elphicke,Natalie,Elphicke,Conservative,Dover,https://twitter.com/NatalieElphicke,NatalieElphicke,female
George Eustice,George Eustice,Charles,Eustice,Conservative,Camborne and Redruth,,,male
Dr Luke Evans,Luke Evans,Luke,Evans,Conservative,Bosworth,https://twitter.com/drlukeevans,drlukeevans,male
Mr Nigel Evans,Nigel Evans,Nigel,Evans,Conservative,Ribble Valley,,,male
Sir David Evennett,David Evennett,David,Evennett,Conservative,Bexleyheath and Crayford,https://twitter.com/DavidEvennett,DavidEvennett,male
Ben Everitt,Ben Everitt,Ben,Everitt,Conservative,Milton Keynes North,https://twitter.com/Ben_Everitt,Ben_Everitt,male
Michael Fabricant,Michael Fabricant,Michael,Fabricant,Conservative,Lichfield,https://twitter.com/Mike_Fabricant,Mike_Fabricant,male
Laura Farris,Laura Farris,Laura,Farris,Conservative,Newbury,https://twitter.com/Laura__Farris,Laura__Farris,female
Simon Fell,Simon Fell,Simon,Fell,Conservative,Barrow and Furness,https://twitter.com/simonfell,simonfell,male
Katherine Fletcher,Katherine Fletcher,Katherine,Fletcher,Conservative,South Ribble,,,female
Mark Fletcher,Mark Fletcher,Mark,Fletcher,Conservative,Bolsover,,,male
Nick Fletcher,Nick Fletcher,Nicholas,Fletcher,Conservative,Don Valley,https://twitter.com/NickFletcherMP,NickFletcherMP,male
Vicky Ford,Vicky Ford,Victoria,Ford,Conservative,Chelmsford,https://twitter.com/vickyford,vickyford,female
Kevin Foster,Kevin Foster,Kevin,Foster,Conservative,Torbay,https://twitter.com/kevin_j_foster,kevin_j_foster,male
Dr Liam Fox,Liam Fox,Liam,Fox,Conservative,North Somerset,https://twitter.com/LiamFox,LiamFox,male
Mr Mark Francois,Mark Francois,Mark,Francois,Conservative,Rayleigh and Wickford,,,male
Lucy Frazer,Lucy Frazer,Lucy,Leigh,Conservative,South East Cambridgeshire,https://twitter.com/lucyfrazermp,lucyfrazermp,female
George Freeman,George Freeman,George,Freeman,Conservative,Mid Norfolk,https://twitter.com/GeorgeFreemanMP,GeorgeFreemanMP,male
Mike Freer,Mike Freer,Michael,Freer,Conservative,Finchley and Golders Green,,,male
Richard Fuller,Richard Fuller,Richard,Fuller,Conservative,North East Bedfordshire,,,male
Mr Marcus Fysh,Marcus Fysh,Marcus,Fysh,Conservative,Yeovil,https://twitter.com/marcusfysh,marcusfysh,male
Sir Roger Gale,Roger Gale,Roger,Gale,Conservative,North Thanet,https://twitter.com/SirRogerGale,SirRogerGale,male
Mark Garnier,Mark Garnier,Mark,Garnier,Conservative,Wyre Forest,https://twitter.com/Mark4WyreForest,Mark4WyreForest,male
Ms Nusrat Ghani,Nusrat Ghani,Nusrat,Ul-Ghani,Conservative,Wealden,https://twitter.com/nus_ghani,nus_ghani,female
Nick Gibb,Nick Gibb,Nicolas,Gibb,Conservative,Bognor Regis and Littlehampton,https://twitter.com/nickgibbuk,nickgibbuk,male
Peter Gibson,Peter Gibson,Peter,Gibson,Conservative,Darlington,https://twitter.com/Gibbo4Darlo,Gibbo4Darlo,male
Jo Gideon,Jo Gideon,Joanna,Gideon,Conservative,Stoke-on-Trent Central,https://twitter.com/jogideon,jogideon,female
John Glen,John Glen,John,Glen,Conservative,Salisbury,https://twitter.com/JohnGlenUK,JohnGlenUK,male
Mr Robert Goodwill,Robert Goodwill,Robert,Goodwill,Conservative,Scarborough and Whitby,,,male
Michael Gove,Michael Gove,Michael,Gove,Conservative,Surrey Heath,https://twitter.com/michaelgove,michaelgove,male
Richard Graham,Richard Graham,Richard,Graham,Conservative,Gloucester,https://twitter.com/RichardGrahamUK,RichardGrahamUK,male
Mrs Helen Grant,Helen Grant,Helen,Grant,Conservative,Maidstone and The Weald,https://twitter.com/HelenGrantMP,HelenGrantMP,female
James Gray,James Gray,James,Gray,Conservative,North Wiltshire,https://twitter.com/@JGray,JGray,male
Chris Grayling,Chris Grayling,Christopher,Grayling,Conservative,Epsom and Ewell,,,male
Chris Green,Chris Green,Christopher,Green,Conservative,Bolton West,https://twitter.com/CGreenUK,CGreenUK,male
Damian Green,Damian Green,Damian,Green,Conservative,Ashford,https://twitter.com/DamianGreen,DamianGreen,male
Andrew Griffith,Andrew Griffith,Andrew,Griffith,Conservative,Arundel and South Downs,https://twitter.com/griffitha,griffitha,male
Kate Griffiths,Kate Griffiths,Kate,Griffiths,Conservative,Burton,,,female
James Grundy,James Grundy,James,Grundy,Conservative,Leigh,,,male
Jonathan Gullis,Jonathan Gullis,Jonathan,Gullis,Conservative,Stoke-on-Trent North,,,male
Robert Halfon,Robert Halfon,Robert,Halfon,Conservative,Harlow,https://twitter.com/halfon4harlowMP,halfon4harlowMP,male
Luke Hall,Luke Hall,Luke,Hall,Conservative,Thornbury and Yate,https://twitter.com/LukeHall,LukeHall,male
Stephen Hammond,Stephen Hammond,Stephen,Hammond,Conservative,Wimbledon,https://twitter.com/s_hammond,s_hammond,male
Matt Hancock,Matt Hancock,Matthew,Hancock,Conservative,West Suffolk,https://twitter.com/matthancock,matthancock,male
Greg Hands,Greg Hands,Gregory,Hands,Conservative,Chelsea and Fulham,https://twitter.com/GregHands,GregHands,male
Mr Mark Harper,Mark Harper,Mark,Harper,Conservative,Forest of Dean,https://twitter.com/Mark_J_Harper,Mark_J_Harper,male
Rebecca Harris,Rebecca Harris,Rebecca,Harris,Conservative,Castle Point,https://twitter.com/RebeccaHarrisMP,RebeccaHarrisMP,female
Trudy Harrison,Trudy Harrison,Trudy,Harrison,Conservative,Copeland,,,female
Sally-Ann Hart,Sally-Ann Hart,Sally-Ann,Hart,Conservative,Hastings and Rye,https://twitter.com/sallyann1066,sallyann1066,female
Simon Hart,Simon Hart,Simon,Hart,Conservative,Carmarthen West and South Pembrokeshire,https://twitter.com/Simonhartmp,Simonhartmp,male
Sir John Hayes,John Hayes,John,Hayes,Conservative,South Holland and The Deepings,,,male
Sir Oliver Heald,Oliver Heald,Oliver,Heald,Conservative,North East Hertfordshire,https://twitter.com/OliverHealdUK,OliverHealdUK,male
James Heappey,James Heappey,James,Heappey,Conservative,Wells,https://twitter.com/jsheappey,jsheappey,male
Chris Heaton-Harris,Chris Heaton-Harris,Christopher,Heaton-Harris,Conservative,Daventry,https://twitter.com/chhcalling,chhcalling,male
Gordon Henderson,Gordon Henderson,Gordon,Henderson,Conservative,Sittingbourne and Sheppey,,,male
Darren Henry,Darren Henry,Darren,Henry,Conservative,Broxtowe,https://twitter.com/DarrenG_Henry,DarrenG_Henry,male
Antony Higginbotham,Antony Higginbotham,Antony,Higginbotham,Conservative,Burnley,https://twitter.com/antony_hig,antony_hig,male
Damian Hinds,Damian Hinds,Damian,Hinds,Conservative,East Hampshire,https://twitter.com/DamianHinds,DamianHinds,male
Simon Hoare,Simon Hoare,Simon,Hoare,Conservative,North Dorset,https://twitter.com/simon4ndorset,simon4ndorset,male
Mr Richard Holden,Richard Holden,Richard,Holden,Conservative,North West Durham,https://twitter.com/RicHolden,RicHolden,male
Kevin Hollinrake,Kevin Hollinrake,Kevin,Hollinrake,Conservative,Thirsk and Malton,https://twitter.com/kevinhollinrake,kevinhollinrake,male
Mr Philip Hollobone,Philip Hollobone,Philip,Hollobone,Conservative,Kettering,,,male
Adam Holloway,Adam Holloway,Adam,Holloway,Conservative,Gravesham,,,male
Paul Holmes,Paul Holmes,Paul,Holmes,Conservative,Eastleigh,https://twitter.com/pauljholmes,pauljholmes,male
John Howell,John Howell,John,Howell,Conservative,Henley,https://twitter.com/JHowellUK,JHowellUK,male
Paul Howell,Paul Howell,Paul,Howell,Conservative,Sedgefield,https://twitter.com/PaulHowellMP,PaulHowellMP,male
Nigel Huddleston,Nigel Huddleston,Nigel,Huddleston,Conservative,Mid Worcestershire,https://twitter.com/huddlestonnigel,huddlestonnigel,male
Dr Neil Hudson,Neil Hudson,Neil,Hudson,Conservative,Penrith and The Border,https://twitter.com/DrNeilHudson,DrNeilHudson,male
Eddie Hughes,Eddie Hughes,Edmund,Hughes,Conservative,Walsall North,https://twitter.com/EddieHughes4WN,EddieHughes4WN,male
Jane Hunt,Jane Hunt,Jane,Hunt,Conservative,Loughborough,https://twitter.com/JaneMHunt,JaneMHunt,female
Jeremy Hunt,Jeremy Hunt,Jeremy,Hunt,Conservative,South West Surrey,https://twitter.com/Jeremy_Hunt,Jeremy_Hunt,male
Tom Hunt,Tom Hunt,Thomas,Hunt,Conservative,Ipswich,https://twitter.com/tomhunt1988,tomhunt1988,male
Mr Alister Jack,Alister Jack,Alister,Jack,Conservative,Dumfries and Galloway,,,male
Sajid Javid,Sajid Javid,Sajid,Javid,Conservative,Bromsgrove,https://twitter.com/sajidjavid,sajidjavid,male
Mr Ranil Jayawardena,Ranil Jayawardena,Ranil,Jayawardena,Conservative,North East Hampshire,https://twitter.com/ranil,ranil,male
Sir Bernard Jenkin,Bernard Jenkin,Bernard,Jenkin,Conservative,Harwich and North Essex,https://twitter.com/bernardjenkin,bernardjenkin,male
Mark Jenkinson,Mark Jenkinson,Mark,Jenkinson,Conservative,Workington,https://twitter.com/markjenkinsonmp,markjenkinsonmp,male
Andrea Jenkyns,Andrea Jenkyns,Andrea,Jenkyns,Conservative,Morley and Outwood,https://twitter.com/andreajenkyns,andreajenkyns,female
Robert Jenrick,Robert Jenrick,Robert,Jenrick,Conservative,Newark,https://twitter.com/RobertJenrick,RobertJenrick,male
Boris Johnson,Boris Johnson,Alexander,Johnson,Conservative,Uxbridge and South Ruislip,https://twitter.com/borisjohnson,borisjohnson,male
Dr Caroline Johnson,Caroline Johnson,Caroline,Johnson,Conservative,Sleaford and North Hykeham,https://twitter.com/drcarolinej,drcarolinej,female
Gareth Johnson,Gareth Johnson,Gareth,Johnson,Conservative,Dartford,,,male
David Johnston,David Johnston,David,Johnston,Conservative,Wantage,https://twitter.com/david4wantage,david4wantage,male
Andrew Jones,Andrew Jones,Andrew,Jones,Conservative,Harrogate and Knaresborough,https://twitter.com/AJonesMP,AJonesMP,male
Fay Jones,Fay Jones,Fay,Jones,Conservative,Brecon and Radnorshire,https://twitter.com/JonesyFay,JonesyFay,female
Mr David Jones,David Jones,David,Jones,Conservative,Clwyd West,,,male
Mr Marcus Jones,Marcus Jones,Marcus,Jones,Conservative,Nuneaton,https://twitter.com/Marcus4Nuneaton,Marcus4Nuneaton,male
Simon Jupp,Simon Jupp,Simon,Jupp,Conservative,East Devon,https://twitter.com/simonjamesjupp,simonjamesjupp,male
Daniel Kawczynski,Daniel Kawczynski,Daniel,Kawczynski,Conservative,Shrewsbury and Atcham,https://twitter.com/DKShrewsbury,DKShrewsbury,male
Alicia Kearns,Alicia Kearns,Alicia,Kearns,Conservative,Rutland and Melton,https://twitter.com/aliciakearns,aliciakearns,female
Gillian Keegan,Gillian Keegan,Gillian,Keegan,Conservative,Chichester,https://twitter.com/GillianKeegan,GillianKeegan,female
Julian Knight,Julian Knight,Julian,Knight,Conservative,Solihull,https://twitter.com/julianknight15,julianknight15,male
Sir Greg Knight,Greg Knight,Gregory,Knight,Conservative,East Yorkshire,https://twitter.com/GregKnight,GregKnight,male
Danny Kruger,Danny Kruger,Daniel,Kruger,Conservative,Devizes,https://twitter.com/danny__kruger,danny__kruger,male
Kwasi Kwarteng,Kwasi Kwarteng,Kwasi,Kwarteng,Conservative,Spelthorne,https://twitter.com/KwasiKwarteng,KwasiKwarteng,male
Dame Eleanor Laing,Eleanor Laing,Eleanor,Laing,Conservative,Epping Forest,https://twitter.com/eleanor4epping,eleanor4epping,female
John Lamont,John Lamont,John,Lamont,Conservative,"Berwickshire, Roxburgh and Selkirk",https://twitter.com/John2Win,John2Win,male
Robert Largan,Robert Largan,Robert,Largan,Conservative,High Peak,https://twitter.com/robertlargan,robertlargan,male
Mrs Pauline Latham,Pauline Latham,Pauline,Latham,Conservative,Mid Derbyshire,https://twitter.com/Pauline_Latham,Pauline_Latham,female
Andrea Leadsom,Andrea Leadsom,Andrea,Leadsom,Conservative,South Northamptonshire,https://twitter.com/andrealeadsom,andrealeadsom,female
Sir Edward Leigh,Edward Leigh,Edward,Leigh,Conservative,Gainsborough,https://twitter.com/EdwardLeighMP,EdwardLeighMP,male
Ian Levy,Ian Levy,Ian,Levy,Conservative,Blyth Valley,,,male
Andrew Lewer,Andrew Lewer,Andrew,Lewer,Conservative,Northampton South,https://twitter.com/ALewerMBE,ALewerMBE,male
Brandon Lewis,Brandon Lewis,Brandon,Lewis,Conservative,Great Yarmouth,https://twitter.com/BrandonLewis,BrandonLewis,male
Dr Julian Lewis,Julian Lewis,Julian,Lewis,Conservative,New Forest East,,,male
Mr Ian Liddell-Grainger,Ian Liddell-Grainger,Ian,Liddell-Grainger,Conservative,Bridgwater and West Somerset,,,male
Chris Loder,Chris Loder,Christopher,Loder,Conservative,West Dorset,https://twitter.com/chrisloder,chrisloder,male
Mark Logan,Mark Logan,Mark,Logan,Conservative,Bolton North East,,,male
Marco Longhi,Marco Longhi,Marco,Longhi,Conservative,Dudley North,https://twitter.com/marcolonghi4dn,marcolonghi4dn,male
Julia Lopez,Julia Lopez,Julia,Lopez,Conservative,Hornchurch and Upminster,https://twitter.com/JuliaLopezMP,JuliaLopezMP,female
Jack Lopresti,Jack Lopresti,Giacomo,Lopresti,Conservative,Filton and Bradley Stoke,https://twitter.com/JackLopresti,JackLopresti,male
Mr Jonathan Lord,Jonathan Lord,Jonathan,Lord,Conservative,Woking,https://twitter.com/JonathanLord,JonathanLord,male
Tim Loughton,Tim Loughton,Timothy,Loughton,Conservative,East Worthing and Shoreham,https://twitter.com/timloughton,timloughton,male
Craig Mackinlay,Craig Mackinlay,Craig,Mackinlay,Conservative,South Thanet,https://twitter.com/cmackinlay,cmackinlay,male
Cherilyn Mackrory,Cherilyn Mackrory,Cherilyn,Mackrory,Conservative,Truro and Falmouth,https://twitter.com/thisischerilyn,thisischerilyn,female
Rachel Maclean,Rachel Maclean,Rachel,Maclean,Conservative,Redditch,https://twitter.com/redditchrachel,redditchrachel,female
Alan Mak,Alan Mak,Alan,Mak,Conservative,Havant,https://twitter.com/AlanMakMP,AlanMakMP,male
Kit Malthouse,Kit Malthouse,Christopher,Malthouse,Conservative,North West Hampshire,https://twitter.com/kitmalthouse,kitmalthouse,male
Anthony Mangnall,Anthony Mangnall,Anthony,Mangnall,Conservative,Totnes,https://twitter.com/anthonymangnal1,anthonymangnal1,male
Scott Mann,Scott Mann,Scott,Mann,Conservative,North Cornwall,https://twitter.com/ScottMann4NC,ScottMann4NC,male
Julie Marson,Julie Marson,Julie,Marson,Conservative,Hertford and Stortford,https://twitter.com/JulieMarsonMP,JulieMarsonMP,female
Mrs Theresa May,Theresa May,Theresa,May,Conservative,Maidenhead,https://twitter.com/theresa_may,theresa_may,female
Jerome Mayhew,Jerome Mayhew,Jerome,Mayhew,Conservative,Broadland,https://twitter.com/jeromemayhew,jeromemayhew,male
Paul Maynard,Paul Maynard,Paul,Maynard,Conservative,Blackpool North and Cleveleys,https://twitter.com/PaulMaynardUK,PaulMaynardUK,male
Jason McCartney,Jason McCartney,Jason,McCartney,Conservative,Colne Valley,https://twitter.com/JasonMcCartney,JasonMcCartney,male
Karl McCartney,Karl McCartney,Karl,McCartney,Conservative,Lincoln,https://twitter.com/karlmccartney,karlmccartney,male
Stephen McPartland,Stephen McPartland,Stephen,McPartland,Conservative,Stevenage,https://twitter.com/SMcPartland,SMcPartland,male
Esther McVey,Esther McVey,Esther,McVey,Conservative,Tatton,https://twitter.com/EstherMcVey1,EstherMcVey1,female
Mark Menzies,Mark Menzies,Mark,Menzies,Conservative,Fylde,,,male
Johnny Mercer,Johnny Mercer,John,Mercer,Conservative,"Plymouth, Moor View",https://twitter.com/JohnnyMercerUK,JohnnyMercerUK,male
Huw Merriman,Huw Merriman,Huw,Merriman,Conservative,Bexhill and Battle,https://twitter.com/huwmerriman,HuwMerriman,male
Stephen Metcalfe,Stephen Metcalfe,Stephen,Metcalfe,Conservative,South Basildon and East Thurrock,https://twitter.com/Metcalfe_SBET,Metcalfe_SBET,male
Robin Millar,Robin Millar,Robin,Millar,Conservative,Aberconwy,https://twitter.com/RobinMillarMP,RobinMillarMP,male
Mrs Maria Miller,Maria Miller,Maria,Miller,Conservative,Basingstoke,https://twitter.com/MariaMillerUK,MariaMillerUK,female
Amanda Milling,Amanda Milling,Amanda,Milling,Conservative,Cannock Chase,https://twitter.com/amandamilling,amandamilling,female
Nigel Mills,Nigel Mills,Nigel,Mills,Conservative,Amber Valley,https://twitter.com/nigelmills,nigelmills,male
Mr Andrew Mitchell,Andrew Mitchell,Andrew,Mitchell,Conservative,Sutton Coldfield,,,male
Mr Gagan Mohindra,Gagan Mohindra,Gagan,Mohindra,Conservative,South West Hertfordshire,https://twitter.com/gaganmohindra,gaganmohindra,male
Damien Moore,Damien Moore,Damien,Moore,Conservative,Southport,,,male
Robbie Moore,Robbie Moore,Robert,Moore,Conservative,Keighley,https://twitter.com/_RobbieMoore,_RobbieMoore,male
Penny Mordaunt,Penny Mordaunt,Penelope,Mordaunt,Conservative,Portsmouth North,https://twitter.com/PennyMordaunt,PennyMordaunt,female
Anne Marie Morris,Anne Marie Morris,Anne Marie,Morris,Conservative,Newton Abbot,https://twitter.com/AnneMarieMorris,AnneMarieMorris,female
David Morris,David Morris,David,Morris,Conservative,Morecambe and Lunesdale,https://twitter.com/davidmorrisml,davidmorrisml,male
James Morris,James Morris,James,Morris,Conservative,Halesowen and Rowley Regis,https://twitter.com/JamesMorris,JamesMorris,male
Joy Morrissey,Joy Morrissey,Joy,Morrissey,Conservative,Beaconsfield,https://twitter.com/joymorrissey,joymorrissey,female
Wendy Morton,Wendy Morton,Wendy,Morton,Conservative,Aldridge-Brownhills,https://twitter.com/morton_wendy,morton_wendy,female
Dr Kieran Mullan,Kieran Mullan,Kieran,Mullan,Conservative,Crewe and Nantwich,https://twitter.com/KieranMullanUK,KieranMullanUK,male
Holly Mumby-Croft,Holly Mumby-Croft,Holly,Mumby-Croft,Conservative,Scunthorpe,,,female
David Mundell,David Mundell,David,Mundell,Conservative,"Dumfriesshire, Clydesdale and Tweeddale",https://twitter.com/davidmundelldct,davidmundelldct,male
Mrs Sheryll Murray,Sheryll Murray,Sheryll,Murray,Conservative,South East Cornwall,https://twitter.com/sheryllmurray,sheryllmurray,female
Dr Andrew Murrison,Andrew Murrison,Andrew,Murrison,Conservative,South West Wiltshire,https://twitter.com/AWMurrison,AWMurrison,male
Sir Robert Neill,Robert Neill,Robert,Neill,Conservative,Bromley and Chislehurst,https://twitter.com/neill_bob,neill_bob,male
Lia Nici,Lia Nici,Lia,Nici-Townend,Conservative,Great Grimsby,https://twitter.com/lia_nici,lia_nici,female
Caroline Nokes,Caroline Nokes,Caroline,Nokes,Conservative,Romsey and Southampton North,https://twitter.com/carolinenokes,carolinenokes,female
Jesse Norman,Jesse Norman,Alexander,Norman,Conservative,Hereford and South Herefordshire,https://twitter.com/Jesse_Norman,Jesse_Norman,male
Neil O'Brien,Neil O'Brien,Neil,O'Brien,Conservative,Harborough,https://twitter.com/NeilDotObrien,NeilDotObrien,male
Dr Matthew Offord,Matthew Offord,Matthew,Offord,Conservative,Hendon,https://twitter.com/Offord4Hendon,Offord4Hendon,male
Guy Opperman,Guy Opperman,Guy,Opperman,Conservative,Hexham,https://twitter.com/GuyOpperman,GuyOpperman,male
Neil Parish,Neil Parish,Neil,Parish,Conservative,Tiverton and Honiton,https://twitter.com/neil_parish,neil_parish,male
Priti Patel,Priti Patel,Priti,Patel,Conservative,Witham,https://twitter.com/pritipatel,pritipatel,female
Mr Owen Paterson,Owen Paterson,Owen,Paterson,Conservative,North Shropshire,https://twitter.com/OwenPaterson,OwenPaterson,male
Mark Pawsey,Mark Pawsey,Mark,Pawsey,Conservative,Rugby,https://twitter.com/MarkPawsey,MarkPawsey,male
Sir Mike Penning,Mike Penning,Michael,Penning,Conservative,Hemel Hempstead,,,male
John Penrose,John Penrose,John,Penrose,Conservative,Weston-super-Mare,https://twitter.com/JohnPenroseNews,JohnPenroseNews,male
Andrew Percy,Andrew Percy,Andrew,Percy,Conservative,Brigg and Goole,,,male
Chris Philp,Chris Philp,Chris,Philp,Conservative,Croydon South,https://twitter.com/CPhilpOfficial,CPhilpOfficial,male
Christopher Pincher,Christopher Pincher,Christopher,Pincher,Conservative,Tamworth,https://twitter.com/ChrisPincher,ChrisPincher,male
Dr Dan Poulter,Dan Poulter,Daniel,Poulter,Conservative,Central Suffolk and North Ipswich,https://twitter.com/drdanpoulter,drdanpoulter,male
Rebecca Pow,Rebecca Pow,Rebecca,Clark,Conservative,Taunton Deane,https://twitter.com/pow_rebecca,pow_rebecca,female
Victoria Prentis,Victoria Prentis,Victoria,Prentis,Conservative,Banbury,https://twitter.com/victoriaprentis,VictoriaPrentis,female
Mark Pritchard,Mark Pritchard,Mark,Pritchard,Conservative,The Wrekin,https://twitter.com/MPritchardUK,MPritchardUK,male
Tom Pursglove,Tom Pursglove,Thomas,Pursglove,Conservative,Corby,https://twitter.com/votepursglove,votepursglove,male
Jeremy Quin,Jeremy Quin,Jeremy,Quin,Conservative,Horsham,,,male
Will Quince,Will Quince,William,Quince,Conservative,Colchester,https://twitter.com/willquince,willquince,male
Dominic Raab,Dominic Raab,Dominic,Raab,Conservative,Esher and Walton,https://twitter.com/DominicRaab,DominicRaab,male
Tom Randall,Tom Randall,Thomas,Randall,Conservative,Gedling,https://twitter.com/tom_randall,tom_randall,male
John Redwood,John Redwood,John,Redwood,Conservative,Wokingham,https://twitter.com/johnredwood,johnredwood,male
Mr Jacob Rees-Mogg,Jacob Rees-Mogg,Jacob,Rees-Mogg,Conservative,North East Somerset,https://twitter.com/Jacob_Rees_Mogg,Jacob_Rees_Mogg,male
Nicola Richards,Nicola Richards,Nicola,Richards,Conservative,West Bromwich East,https://twitter.com/Nicola4WBE,Nicola4WBE,female
Angela Richardson,Angela Richardson,Angela,Richardson,Conservative,Guildford,https://twitter.com/AJRichardsonMP,AJRichardsonMP,female
Rob Roberts,Rob Roberts,Robert,Roberts,Conservative,Delyn,,,male
Mr Laurence Robertson,Laurence Robertson,Laurence,Robertson,Conservative,Tewkesbury,https://twitter.com/lrobertsonTewks,lrobertsonTewks,male
Mary Robinson,Mary Robinson,Mary,Robinson,Conservative,Cheadle,https://twitter.com/maryrobinson01,maryrobinson01,female
Andrew Rosindell,Andrew Rosindell,Andrew,Rosindell,Conservative,Romford,https://twitter.com/AndrewRosindell,AndrewRosindell,male
Douglas Ross,Douglas Ross,Douglas,Ross,Conservative,Moray,https://twitter.com/Douglas4Moray,Douglas4Moray,male
Lee Rowley,Lee Rowley,Lee,Rowley,Conservative,North East Derbyshire,https://twitter.com/Lee4NED,Lee4NED,male
Dean Russell,Dean Russell,Dean,Russell,Conservative,Watford,https://twitter.com/dean4watford,dean4watford,male
David Rutley,David Rutley,David,Rutley,Conservative,Macclesfield,https://twitter.com/DavidRutley,DavidRutley,male
Gary Sambrook,Gary Sambrook,Gary,Sambrook,Conservative,"Birmingham, Northfield",https://twitter.com/GarySambrook89,GarySambrook89,male
Selaine Saxby,Selaine Saxby,Selaine,Saxby,Conservative,North Devon,https://twitter.com/SelaineSaxby,SelaineSaxby,female
Paul Scully,Paul Scully,Paul,Scully,Conservative,Sutton and Cheam,https://twitter.com/scullyp,scullyp,male
Bob Seely,Bob Seely,Robert,Seely,Conservative,Isle of Wight,https://twitter.com/IoWBobSeely,IoWBobSeely,male
Andrew Selous,Andrew Selous,Andrew,Selous,Conservative,South West Bedfordshire,https://twitter.com/AndrewSelous,AndrewSelous,male
Grant Shapps,Grant Shapps,Grant,Shapps,Conservative,Welwyn Hatfield,https://twitter.com/grantshapps,grantshapps,male
Alok Sharma,Alok Sharma,Alok,Sharma,Conservative,Reading West,https://twitter.com/AlokSharma_RDG,AlokSharma_RDG,male
Alec Shelbrooke,Alec Shelbrooke,Alec,Shelbrooke,Conservative,Elmet and Rothwell,https://twitter.com/AlecShelbrooke,AlecShelbrooke,male
David Simmonds,David Simmonds,David,Simmonds,Conservative,"Ruislip, Northwood and Pinner",https://twitter.com/DSimmonds_RNP,DSimmonds_RNP,male
Chris Skidmore,Chris Skidmore,Christopher,Skidmore,Conservative,Kingswood,https://twitter.com/CSkidmoreUK,CSkidmoreUK,male
Chloe Smith,Chloe Smith,Chloe,Smith,Conservative,Norwich North,https://twitter.com/NorwichChloe,NorwichChloe,female
Greg Smith,Greg Smith,Greg,Smith,Conservative,Buckingham,https://twitter.com/gregsmith_uk,gregsmith_uk,male
Henry Smith,Henry Smith,Henry,Smith,Conservative,Crawley,https://twitter.com/HenrySmithUK,HenrySmithUK,male
Julian Smith,Julian Smith,Julian,Smith,Conservative,Skipton and Ripon,https://twitter.com/JulianSmithuk,JulianSmithuk,male
Royston Smith,Royston Smith,Royston,Smith,Conservative,"Southampton, Itchen",https://twitter.com/royston_smith,royston_smith,male
Amanda Solloway,Amanda Solloway,Amanda,Solloway,Conservative,Derby North,https://twitter.com/ASollowayUK,ASollowayUK,female
Dr Ben Spencer,Ben Spencer,Ben,Spencer,Conservative,Runnymede and Weybridge,https://twitter.com/DrBenSpencer,DrBenSpencer,male
Mark Spencer,Mark Spencer,Mark,Spencer,Conservative,Sherwood,https://twitter.com/Mark_Spencer,Mark_Spencer,male
Alexander Stafford,Alexander Stafford,Alexander,Stafford,Conservative,Rother Valley,https://twitter.com/Alex_Stafford,Alex_Stafford,male
Andrew Stephenson,Andrew Stephenson,Andrew,Stephenson,Conservative,Pendle,https://twitter.com/Andrew4Pendle,Andrew4Pendle,male
Jane Stevenson,Jane Stevenson,Jane,Stevenson,Conservative,Wolverhampton North East,https://twitter.com/Jane_Stevenson_,Jane_Stevenson_,female
John Stevenson,John Stevenson,Andrew,Stevenson,Conservative,Carlisle,https://twitter.com/John4Carlisle,John4Carlisle,male
Bob Stewart,Bob Stewart,Robert,Stewart,Conservative,Beckenham,,,male
Iain Stewart,Iain Stewart,Iain,Stewart,Conservative,Milton Keynes South,https://twitter.com/iainastewart,iainastewart,male
Sir Gary Streeter,Gary Streeter,Gary,Streeter,Conservative,South West Devon,,,male
Mel Stride,Mel Stride,Melvyn,Stride,Conservative,Central Devon,https://twitter.com/meljstride,meljstride,male
Graham Stuart,Graham Stuart,Graham,Stuart,Conservative,Beverley and Holderness,https://twitter.com/grahamstuart,grahamstuart,male
Julian Sturdy,Julian Sturdy,Julian,Sturdy,Conservative,York Outer,https://twitter.com/JulianSturdy,JulianSturdy,male
Rishi Sunak,Rishi Sunak,Rishi,Sunak,Conservative,Richmond (Yorks),https://twitter.com/RishiSunak,RishiSunak,male
James Sunderland,James Sunderland,James,Sunderland,Conservative,Bracknell,https://twitter.com/jamessunderl,jamessunderl,male
Sir Desmond Swayne,Desmond Swayne,Desmond,Swayne,Conservative,New Forest West,https://twitter.com/DesmondSwayne,DesmondSwayne,male
Sir Robert Syms,Robert Syms,Robert,Syms,Conservative,Poole,https://twitter.com/RobertSyms,RobertSyms,male
Derek Thomas,Derek Thomas,Derek,Thomas,Conservative,St Ives,https://twitter.com/DerekThomasUK,DerekThomasUK,male
Maggie Throup,Maggie Throup,Margaret,Throup,Conservative,Erewash,https://twitter.com/maggie_erewash,maggie_erewash,female
Edward Timpson,Edward Timpson,Anthony,Timpson,Conservative,Eddisbury,https://twitter.com/edwardtimpson,edwardtimpson,male
Kelly Tolhurst,Kelly Tolhurst,Kelly,Tolhurst,Conservative,Rochester and Strood,https://twitter.com/kellytolhurst,kellytolhurst,female
Justin Tomlinson,Justin Tomlinson,Justin,Tomlinson,Conservative,North Swindon,https://twitter.com/JustinTomlinson,JustinTomlinson,male
Michael Tomlinson,Michael Tomlinson,Michael,Tomlinson-Mynors,Conservative,Mid Dorset and North Poole,https://twitter.com/michael4mdnp,michael4mdnp,male
Craig Tracey,Craig Tracey,Craig,Tracey,Conservative,North Warwickshire,https://twitter.com/craig4nwarks,craig4nwarks,male
Anne-Marie Trevelyan,Anne-Marie Trevelyan,Anne-Marie,Trevelyan,Conservative,Berwick-upon-Tweed,https://twitter.com/annietrev,annietrev,female
Laura Trott,Laura Trott,Laura,Trott,Conservative,Sevenoaks,,,female
Elizabeth Truss,Elizabeth Truss,Elizabeth,Truss,Conservative,South West Norfolk,https://twitter.com/trussliz,trussliz,female
Tom Tugendhat,Tom Tugendhat,Thomas,Tugendhat,Conservative,Tonbridge and Malling,https://twitter.com/tomtugendhat,tomtugendhat,male
Shailesh Vara,Shailesh Vara,Shailesh,Vara,Conservative,North West Cambridgeshire,https://twitter.com/ShaileshVara,ShaileshVara,male
Martin Vickers,Martin Vickers,Martin,Vickers,Conservative,Cleethorpes,https://twitter.com/martinvickers,martinvickers,male
Matt Vickers,Matt Vickers,Matthew,Vickers,Conservative,Stockton South,https://twitter.com/Matt_VickersMP,Matt_VickersMP,male
Theresa Villiers,Theresa Villiers,Theresa,Villiers,Conservative,Chipping Barnet,,,female
Christian Wakeford,Christian Wakeford,Christian,Wakeford,Conservative,Bury South,https://twitter.com/Christian4BuryS,Christian4BuryS,male
Mr Robin Walker,Robin Walker,Robin,Walker,Conservative,Worcester,https://twitter.com/walkerworcester,walkerworcester,male
Sir Charles Walker,Charles Walker,Charles,Walker,Conservative,Broxbourne,https://twitter.com/CharlesWalkerMP,CharlesWalkerMP,male
Mr Ben Wallace,Ben Wallace,Robert,Wallace,Conservative,Wyre and Preston North,https://twitter.com/BWallaceMP,BWallaceMP,male
Dr Jamie Wallis,Jamie Wallis,Jamie,Wallis,Conservative,Bridgend,,,male
David Warburton,David Warburton,David,Warburton,Conservative,Somerton and Frome,https://twitter.com/djwarburton,djwarburton,male
Matt Warman,Matt Warman,Matthew,Warman,Conservative,Boston and Skegness,https://twitter.com/mattwarman,mattwarman,male
Giles Watling,Giles Watling,Giles,Watling,Conservative,Clacton,https://twitter.com/GilesWatling,GilesWatling,male
Suzanne Webb,Suzanne Webb,Suzanne,Webb,Conservative,Stourbridge,https://twitter.com/Q66Suzi,Q66Suzi,female
Helen Whately,Helen Whately,Helen,Whately,Conservative,Faversham and Mid Kent,https://twitter.com/helen_whately,helen_whately,female
Mrs Heather Wheeler,Heather Wheeler,Heather,Wheeler,Conservative,South Derbyshire,https://twitter.com/HeatherWheeler,HeatherWheeler,female
Craig Whittaker,Craig Whittaker,Craig,Whittaker,Conservative,Calder Valley,https://twitter.com/CWhittaker_MP,CWhittaker_MP,male
Mr John Whittingdale,John Whittingdale,John,Whittingdale,Conservative,Maldon,https://twitter.com/jwhittingdale,jwhittingdale,male
Bill Wiggin,Bill Wiggin,William,Wiggin,Conservative,North Herefordshire,,,male
James Wild,James Wild,James,Wild,Conservative,North West Norfolk,https://twitter.com/jamesowild,jamesowild,male
Craig Williams,Craig Williams,Alun Craig,Williams,Conservative,Montgomeryshire,https://twitter.com/craig4monty,craig4monty,male
Gavin Williamson,Gavin Williamson,Gavin,Williamson,Conservative,South Staffordshire,https://twitter.com/GavinWilliamson,GavinWilliamson,male
Mike Wood,Mike Wood,Michael,Wood,Conservative,Dudley South,https://twitter.com/mikejwood,mikejwood,male
Mr William Wragg,William Wragg,William,Wragg,Conservative,Hazel Grove,https://twitter.com/william_wragg,william_wragg,male
Jeremy Wright,Jeremy Wright,Jeremy,Wright,Conservative,Kenilworth and Southam,,,male
Jacob Young,Jacob Young,Jacob,Young,Conservative,Redcar,https://twitter.com/jacobyoungmp,jacobyoungmp,male
Nadhim Zahawi,Nadhim Zahawi,Nadhim,Zahawi,Conservative,Stratford-on-Avon,https://twitter.com/nadhimzahawi,nadhimzahawi,male
Mr Gregory Campbell,Gregory Campbell,Gregory,Campbell,Democratic Unionist Party,East Londonderry,,,male
Sir Jeffrey M Donaldson,Jeffrey M Donaldson,Jeffrey,Donaldson,Democratic Unionist Party,Lagan Valley,https://twitter.com/J_Donaldson_MP,J_Donaldson_MP,male
Paul Girvan,Paul Girvan,William,Girvan,Democratic Unionist Party,South Antrim,https://twitter.com/PaulGirvanMP,PaulGirvanMP,male
Carla Lockhart,Carla Lockhart,Carla,Lockhart,Democratic Unionist Party,Upper Bann,https://twitter.com/carlalockhart,carlalockhart,female
Ian Paisley,Ian Paisley,Ian,Paisley,Democratic Unionist Party,North Antrim,,,male
Gavin Robinson,Gavin Robinson,Gavin,Robinson,Democratic Unionist Party,Belfast East,https://twitter.com/grobinsondup,grobinsondup,male
Jim Shannon,Jim Shannon,Richard,Shannon,Democratic Unionist Party,Strangford,https://twitter.com/jimshannonmp,jimshannonmp,male
Sammy Wilson,Sammy Wilson,Samuel,Wilson,Democratic Unionist Party,East Antrim,https://twitter.com/eastantrimmp,eastantrimmp,male
Ms Diane Abbott,Diane Abbott,Diane,Abbott,Labour,Hackney North and Stoke Newington,https://twitter.com/HackneyAbbott,HackneyAbbott,female
Debbie Abrahams,Debbie Abrahams,Deborah,Abrahams,Labour,Oldham East and Saddleworth,https://twitter.com/Debbie_abrahams,Debbie_abrahams,female
Rushanara Ali,Rushanara Ali,Rushanara,Ali,Labour,Bethnal Green and Bow,https://twitter.com/rushanaraali,rushanaraali,female
Tahir Ali,Tahir Ali,Tahir,Ali,Labour,"Birmingham, Hall Green",https://twitter.com/TahirAliMP,TahirAliMP,male
Dr Rosena Allin-Khan,Rosena Allin-Khan,Rosena,Allin-Khan,Labour,Tooting,https://twitter.com/DrRosena,DrRosena,female
Mike Amesbury,Mike Amesbury,Michael,Amesbury,Labour,Weaver Vale,https://twitter.com/MikeAmesburymp,MikeAmesburymp,male
Fleur Anderson,Fleur Anderson,Fleur,Anderson,Labour,Putney,https://twitter.com/PutneyFleur,PutneyFleur,female
Tonia Antoniazzi,Tonia Antoniazzi,Antonia,Antoniazzi,Labour,Gower,https://twitter.com/ToniaAntoniazzi,ToniaAntoniazzi,female
Jonathan Ashworth,Jonathan Ashworth,Jonathan,Ashworth,Labour,Leicester South,https://twitter.com/JonAshworth,JonAshworth,male
Paula Barker,Paula Barker,Paula,Barker,Labour,"Liverpool, Wavertree",https://twitter.com/PaulaBarkerMP,PaulaBarkerMP,female
Margaret Beckett,Margaret Beckett,Margaret,Beckett,Labour,Derby South,,,female
Apsana Begum,Apsana Begum,Apsana,Begum,Labour,Poplar and Limehouse,https://twitter.com/ApsanaBegumMP,ApsanaBegumMP,female
Hilary Benn,Hilary Benn,Hilary,Benn,Labour,Leeds Central,https://twitter.com/hilarybennmp,hilarybennmp,male
Mr Clive Betts,Clive Betts,Clive,Betts,Labour,Sheffield South East,,,male
Olivia Blake,Olivia Blake,Olivia,Blake Dagnall,Labour,"Sheffield, Hallam",https://twitter.com/_oliviablake,_oliviablake,female
Paul Blomfield,Paul Blomfield,Paul,Blomfield,Labour,Sheffield Central,https://twitter.com/PaulBlomfieldMP,PaulBlomfieldMP,male
Tracy Brabin,Tracy Brabin,Tracy,Brabin,Labour,Batley and Spen,https://twitter.com/tracybrabin,tracybrabin,female
Mr Ben Bradshaw,Ben Bradshaw,Benjamin,Bradshaw,Labour,Exeter,https://twitter.com/BenPBradshaw,BenPBradshaw,male
Kevin Brennan,Kevin Brennan,Kevin,Brennan,Labour,Cardiff West,https://twitter.com/KevinBrennanMP,KevinBrennanMP,male
Mr Nicholas Brown,Nicholas Brown,Nicholas,Brown,Labour,Newcastle upon Tyne East,,,male
Ms Lyn Brown,Lyn Brown,Lyn,Brown,Labour,West Ham,https://twitter.com/lynbrownmp,lynbrownmp,female
Chris Bryant,Chris Bryant,Christopher,Bryant,Labour,Rhondda,https://twitter.com/RhonddaBryant,RhonddaBryant,male
Ms Karen Buck,Karen Buck,Karen,Buck,Labour,Westminster North,https://twitter.com/KarenPBuckMP,KarenPBuckMP,female
Richard Burgon,Richard Burgon,Richard,Burgon,Labour,Leeds East,https://twitter.com/richardburgon,richardburgon,male
Dawn Butler,Dawn Butler,Dawn,Butler,Labour,Brent Central,https://twitter.com/dawnbutlerbrent,dawnbutlerbrent,female
Ian Byrne,Ian Byrne,Ian,Byrne,Labour,"Liverpool, West Derby",https://twitter.com/IanByrneMP,IanByrneMP,male
Liam Byrne,Liam Byrne,Liam,Byrne,Labour,"Birmingham, Hodge Hill",https://twitter.com/LiamByrneMP,LiamByrneMP,male
Ruth Cadbury,Ruth Cadbury,Ruth,Cadbury,Labour,Brentford and Isleworth,https://twitter.com/ruthcadbury,ruthcadbury,female
Sir Alan Campbell,Alan Campbell,Alan,Campbell,Labour,Tynemouth,https://twitter.com/alancampbellmp,alancampbellmp,male
Dan Carden,Dan Carden,Daniel,Carden,Labour,"Liverpool, Walton",https://twitter.com/DanCardenMP,DanCardenMP,male
Sarah Champion,Sarah Champion,Sarah,Champion,Labour,Rotherham,https://twitter.com/SarahChampionMP,SarahChampionMP,female
Bambos Charalambous,Bambos Charalambous,Charalambos,Charalambous,Labour,"Enfield, Southgate",https://twitter.com/Bambos_MP,Bambos_MP,male
Feryal Clark,Feryal Clark,Feryal,Clark,Labour,Enfield North,https://twitter.com/FeryalClark,FeryalClark,female
Rosie Cooper,Rosie Cooper,Rosemary,Cooper,Labour,West Lancashire,https://twitter.com/rosie4westlancs,rosie4westlancs,female
Yvette Cooper,Yvette Cooper,Yvette,Cooper,Labour,"Normanton, Pontefract and Castleford",https://twitter.com/YvetteCooperMP,YvetteCooperMP,female
Neil Coyle,Neil Coyle,Neil,Coyle,Labour,Bermondsey and Old Southwark,https://twitter.com/coyleneil,coyleneil,male
Stella Creasy,Stella Creasy,Stella,Creasy,Labour,Walthamstow,https://twitter.com/stellacreasy,stellacreasy,female
Jon Cruddas,Jon Cruddas,Jonathan,Cruddas,Labour,Dagenham and Rainham,https://twitter.com/JonCruddas_1,JonCruddas_1,male
John Cryer,John Cryer,John,Cryer,Labour,Leyton and Wanstead,https://twitter.com/JohnCryerMP,JohnCryerMP,male
Judith Cummins,Judith Cummins,Judith,Cummins,Labour,Bradford South,https://twitter.com/judithcummins,judithcummins,female
Alex Cunningham,Alex Cunningham,Alexander,Cunningham,Labour,Stockton North,https://twitter.com/ACunninghamMP,ACunninghamMP,male
Janet Daby,Janet Daby,Janet,Daby,Labour,Lewisham East,https://twitter.com/JanetDaby,JanetDaby,female
Wayne David,Wayne David,Wayne,David,Labour,Caerphilly,https://twitter.com/WayneDavid_MP,WayneDavid_MP,male
Alex Davies-Jones,Alex Davies-Jones,Alexandra,Davies-Jones,Labour,Pontypridd,https://twitter.com/AlexDaviesJones,AlexDaviesJones,female
Geraint Davies,Geraint Davies,Geraint,Davies,Labour,Swansea West,https://twitter.com/GeraintDaviesMP,GeraintDaviesMP,male
Marsha De Cordova,Marsha De Cordova,Marsha,De Cordova,Labour,Battersea,https://twitter.com/Marshadecordova,Marshadecordova,female
Thangam Debbonaire,Thangam Debbonaire,Thangam,Debbonaire,Labour,Bristol West,https://twitter.com/thangammp,thangammp,female
Mr Tanmanjeet Singh Dhesi,Tanmanjeet Singh Dhesi,Tanmanjeet,Dhesi,Labour,Slough,https://twitter.com/TanDhesi,TanDhesi,male
Anneliese Dodds,Anneliese Dodds,Anneliese,Dodds,Labour,Oxford East,https://twitter.com/AnnelieseDodds,AnnelieseDodds,female
Stephen Doughty,Stephen Doughty,Stephen,Doughty,Labour,Cardiff South and Penarth,https://twitter.com/SDoughtyMP,SDoughtyMP,male
Peter Dowd,Peter Dowd,Peter,Dowd,Labour,Bootle,https://twitter.com/peter_dowd,peter_dowd,male
Jack Dromey,Jack Dromey,John,Dromey,Labour,"Birmingham, Erdington",https://twitter.com/JackDromeyMP,JackDromeyMP,male
Rosie Duffield,Rosie Duffield,Rosemary,Duffield,Labour,Canterbury,https://twitter.com/RosieDuffield1,RosieDuffield1,female
Dame Angela Eagle,Angela Eagle,Angela,Eagle,Labour,Wallasey,https://twitter.com/angelaeagle,angelaeagle,female
Maria Eagle,Maria Eagle,Maria,Eagle,Labour,Garston and Halewood,https://twitter.com/meaglemp,meaglemp,female
Clive Efford,Clive Efford,Clive,Efford,Labour,Eltham,https://twitter.com/CliveEfford,CliveEfford,male
Julie Elliott,Julie Elliott,Julie,Elliott,Labour,Sunderland Central,https://twitter.com/JulieElliottMP,JulieElliottMP,female
Chris Elmore,Chris Elmore,Christopher,Elmore,Labour,Ogmore,https://twitter.com/cpjelmore,cpjelmore,male
Florence Eshalomi,Florence Eshalomi,Florence,Eshalomi,Labour,Vauxhall,https://twitter.com/FloEshalomi,FloEshalomi,female
Bill Esterson,Bill Esterson,William,Esterson,Labour,Sefton Central,https://twitter.com/Bill_Esterson,Bill_Esterson,male
Chris Evans,Chris Evans,Christopher,Evans,Labour,Islwyn,,,male
Colleen Fletcher,Colleen Fletcher,Colleen,Fletcher,Labour,Coventry North East,,,female
Yvonne Fovargue,Yvonne Fovargue,Yvonne,Fovargue,Labour,Makerfield,https://twitter.com/Y_FovargueMP,Y_FovargueMP,female
Vicky Foxcroft,Vicky Foxcroft,Victoria,Foxcroft,Labour,"Lewisham, Deptford",https://twitter.com/vickyfoxcroft,vickyfoxcroft,female
Mary Kelly Foy,Mary Kelly Foy,Mary,Foy,Labour,City of Durham,https://twitter.com/marykfoy,marykfoy,female
Gill Furniss,Gill Furniss,Gillian,Furniss,Labour,"Sheffield, Brightside and Hillsborough",https://twitter.com/gillfurnissmp,gillfurnissmp,female
Barry Gardiner,Barry Gardiner,Barry,Gardiner,Labour,Brent North,https://twitter.com/BarryGardiner,BarryGardiner,male
Preet Kaur Gill,Preet Kaur Gill,Preet,Gill,Labour,"Birmingham, Edgbaston",https://twitter.com/PreetKGillMP,PreetKGillMP,female
Mary Glindon,Mary Glindon,Mary,Glindon,Labour,North Tyneside,https://twitter.com/GlindonMary,GlindonMary,female
Kate Green,Kate Green,Katherine,Green,Labour,Stretford and Urmston,https://twitter.com/KateGreenSU,KateGreenSU,female
Lilian Greenwood,Lilian Greenwood,Lilian,Greenwood,Labour,Nottingham South,https://twitter.com/LilianGreenwood,LilianGreenwood,female
Margaret Greenwood,Margaret Greenwood,Margaret,Greenwood,Labour,Wirral West,https://twitter.com/mgreenwoodww,mgreenwoodww,female
Nia Griffith,Nia Griffith,Nia,Griffith,Labour,Llanelli,https://twitter.com/NiaGriffithMP,NiaGriffithMP,female
Andrew Gwynne,Andrew Gwynne,Andrew,Gwynne,Labour,Denton and Reddish,https://twitter.com/GwynneMP,GwynneMP,male
Louise Haigh,Louise Haigh,Louise,Haigh,Labour,"Sheffield, Heeley",https://twitter.com/louhaigh,louhaigh,female
Fabian Hamilton,Fabian Hamilton,Fabian,Hamilton,Labour,Leeds North East,https://twitter.com/FabianLeedsNE,FabianLeedsNE,male
Emma Hardy,Emma Hardy,Emma,Hardy,Labour,Kingston upon Hull West and Hessle,https://twitter.com/EmmaHardyMP,EmmaHardyMP,female
Ms Harriet Harman,Harriet Harman,Harriet,Harman,Labour,Camberwell and Peckham,https://twitter.com/HarrietHarman,HarrietHarman,female
Carolyn Harris,Carolyn Harris,Carolyn,Harris,Labour,Swansea East,https://twitter.com/carolynharris24,carolynharris24,female
Helen Hayes,Helen Hayes,Helen,Hayes,Labour,Dulwich and West Norwood,https://twitter.com/helenhayes_,helenhayes_,female
John Healey,John Healey,John,Healey,Labour,Wentworth and Dearne,https://twitter.com/JohnHealey_MP,JohnHealey_MP,male
Sir Mark Hendrick,Mark Hendrick,Mark,Hendrick,Labour,Preston,,,male
Meg Hillier,Meg Hillier,Margaret,Hillier,Labour,Hackney South and Shoreditch,https://twitter.com/Meg_HillierMP,Meg_HillierMP,female
Dame Margaret Hodge,Margaret Hodge,Margaret,Hodge,Labour,Barking,https://twitter.com/margarethodge,margarethodge,female
Mrs Sharon Hodgson,Sharon Hodgson,Sharon,Hodgson,Labour,Washington and Sunderland West,https://twitter.com/SharonHodgsonMP,SharonHodgsonMP,female
Kate Hollern,Kate Hollern,Catherine,Hollern,Labour,Blackburn,https://twitter.com/kate_hollernmp,kate_hollernmp,female
Rachel Hopkins,Rachel Hopkins,Rachel,Hopkins,Labour,Luton South,https://twitter.com/rach_hopkins,rach_hopkins,female
Sir George Howarth,George Howarth,George,Howarth,Labour,Knowsley,,,male
Dr Rupa Huq,Rupa Huq,Rupa,Huq,Labour,Ealing Central and Acton,https://twitter.com/rupahuq,rupahuq,female
Imran Hussain,Imran Hussain,Imran,Hussain,Labour,Bradford East,https://twitter.com/Imran_HussainMP,Imran_HussainMP,male
Dan Jarvis,Dan Jarvis,Daniel,Jarvis,Labour,Barnsley Central,https://twitter.com/DanJarvisMP,DanJarvisMP,male
Dame Diana Johnson,Diana Johnson,Diana,Johnson,Labour,Kingston upon Hull North,https://twitter.com/DianaJohnsonMP,DianaJohnsonMP,female
Kim Johnson,Kim Johnson,Kim,Johnson,Labour,"Liverpool, Riverside",https://twitter.com/KimJohnsonMP,KimJohnsonMP,female
Darren Jones,Darren Jones,Darren,Jones,Labour,Bristol North West,https://twitter.com/darrenpjones,darrenpjones,male
Gerald Jones,Gerald Jones,Gerald,Jones,Labour,Merthyr Tydfil and Rhymney,https://twitter.com/geraldjoneslab,geraldjoneslab,male
Mr Kevan Jones,Kevan Jones,Kevan,Jones,Labour,North Durham,https://twitter.com/KevanJonesMP,KevanJonesMP,male
Ruth Jones,Ruth Jones,Ruth,Jones,Labour,Newport West,,,female
Sarah Jones,Sarah Jones,Sarah,Jones,Labour,Croydon Central,https://twitter.com/LabourSJ,LabourSJ,female
Mike Kane,Mike Kane,Michael,Kane,Labour,Wythenshawe and Sale East,https://twitter.com/MikeKaneMP,MikeKaneMP,male
Barbara Keeley,Barbara Keeley,Barbara,Keeley,Labour,Worsley and Eccles South,https://twitter.com/KeeleyMP,KeeleyMP,female
Liz Kendall,Liz Kendall,Elizabeth,Kendall,Labour,Leicester West,https://twitter.com/leicesterliz,leicesterliz,female
Afzal Khan,Afzal Khan,Mohammed,Khan,Labour,"Manchester, Gorton",https://twitter.com/Afzal4Gorton,Afzal4Gorton,male
Stephen Kinnock,Stephen Kinnock,Stephen,Kinnock,Labour,Aberavon,https://twitter.com/skinnock,skinnock,male
Peter Kyle,Peter Kyle,Peter,Kyle,Labour,Hove,https://twitter.com/peterkyle,peterkyle,male
Mr David Lammy,David Lammy,David,Lammy,Labour,Tottenham,https://twitter.com/DavidLammy,DavidLammy,male
Ian Lavery,Ian Lavery,Ian,Lavery,Labour,Wansbeck,https://twitter.com/IanLaveryMP,IanLaveryMP,male
Mrs Emma Lewell-Buck,Emma Lewell-Buck,Emma,Lewell-Buck,Labour,South Shields,https://twitter.com/EmmaLewellBuck,EmmaLewellBuck,female
Clive Lewis,Clive Lewis,Clive,Lewis,Labour,Norwich South,https://twitter.com/labourlewis,labourlewis,male
Tony Lloyd,Tony Lloyd,Anthony,Lloyd,Labour,Rochdale,https://twitter.com/tony4rochdale,tony4rochdale,male
Rebecca Long Bailey,Rebecca Long Bailey,Rebecca,Long-Bailey,Labour,Salford and Eccles,https://twitter.com/rlong_bailey,rlong_bailey,female
Holly Lynch,Holly Lynch,Holly,Walker-Lynch,Labour,Halifax,https://twitter.com/hollylynch5,hollylynch5,female
Justin Madders,Justin Madders,Justin,Madders,Labour,Ellesmere Port and Neston,https://twitter.com/justinmadders,justinmadders,male
Mr Khalid Mahmood,Khalid Mahmood,Khalid,Mahmood,Labour,"Birmingham, Perry Barr",https://twitter.com/khalid4PB,khalid4PB,male
Shabana Mahmood,Shabana Mahmood,Shabana,Mahmood,Labour,"Birmingham, Ladywood",https://twitter.com/ShabanaMahmood,ShabanaMahmood,female
Seema Malhotra,Seema Malhotra,Seema,Malhotra-Saluja,Labour,Feltham and Heston,https://twitter.com/SeemaMalhotra1,SeemaMalhotra1,female
Rachael Maskell,Rachael Maskell,Rachael,Maskell,Labour,York Central,https://twitter.com/rachaelmaskell,rachaelmaskell,female
Christian Matheson,Christian Matheson,Christian,Matheson,Labour,City of Chester,https://twitter.com/chrism4chester,chrism4chester,male
Steve McCabe,Steve McCabe,Stephen,McCabe,Labour,"Birmingham, Selly Oak",https://twitter.com/steve_mccabe,steve_mccabe,male
Kerry McCarthy,Kerry McCarthy,Kerry,McCarthy,Labour,Bristol East,https://twitter.com/KerryMP,KerryMP,female
Siobhain McDonagh,Siobhain McDonagh,Siobhain,McDonagh,Labour,Mitcham and Morden,https://twitter.com/Siobhain_Mc,Siobhain_Mc,female
Andy McDonald,Andy McDonald,Andrew,McDonald,Labour,Middlesbrough,https://twitter.com/AndyMcDonaldMP,AndyMcDonaldMP,male
John McDonnell,John McDonnell,John,McDonnell,Labour,Hayes and Harlington,https://twitter.com/johnmcdonnellMP,johnmcdonnellMP,male
Pat McFadden,Pat McFadden,Patrick,McFadden,Labour,Wolverhampton South East,https://twitter.com/patmcfaddenmp,patmcfaddenmp,male
Conor McGinn,Conor McGinn,Conor,McGinn,Labour,St Helens North,https://twitter.com/conormcginn,conormcginn,male
Alison McGovern,Alison McGovern,Alison,McGovern,Labour,Wirral South,https://twitter.com/Alison_McGovern,Alison_McGovern,female
Catherine McKinnell,Catherine McKinnell,Catherine,McKinnell,Labour,Newcastle upon Tyne North,https://twitter.com/catmckinnell,catmckinnell,female
Jim McMahon,Jim McMahon,James,McMahon,Labour,Oldham West and Royton,https://twitter.com/JimfromOldham,JimfromOldham,male
Anna McMorrin,Anna McMorrin,Anna,McMorrin,Labour,Cardiff North,https://twitter.com/annamcmorrin,annamcmorrin,female
Ian Mearns,Ian Mearns,James,Mearns,Labour,Gateshead,https://twitter.com/IanMearnsMP,IanMearnsMP,male
Edward Miliband,Edward Miliband,Edward,Miliband,Labour,Doncaster North,https://twitter.com/Ed_Miliband,Ed_Miliband,male
Navendu Mishra,Navendu Mishra,Navendu,Mishra,Labour,Stockport,https://twitter.com/NavPMishra,NavPMishra,male
Jessica Morden,Jessica Morden,Jessica,Morden,Labour,Newport East,https://twitter.com/jessicamordenmp,jessicamordenmp,female
Stephen Morgan,Stephen Morgan,Stephen,Morgan,Labour,Portsmouth South,https://twitter.com/stephenmorganmp,stephenmorganmp,male
Grahame Morris,Grahame Morris,Grahame,Morris,Labour,Easington,https://twitter.com/grahamemorris,grahamemorris,male
Ian Murray,Ian Murray,Ian,Murray,Labour,Edinburgh South,https://twitter.com/IanMurrayMP,IanMurrayMP,male
James Murray,James Murray,James,Murray,Labour,Ealing North,https://twitter.com/jamesmurray_ldn,jamesmurray_ldn,male
Lisa Nandy,Lisa Nandy,Lisa,Nandy,Labour,Wigan,https://twitter.com/lisanandy,lisanandy,female
Charlotte Nichols,Charlotte Nichols,Charlotte,Nichols,Labour,Warrington North,https://twitter.com/charlotte2153,charlotte2153,female
Alex Norris,Alex Norris,Alexander,Norris,Labour,Nottingham North,https://twitter.com/alexnorrisnn,alexnorrisnn,male
Chi Onwurah,Chi Onwurah,Chinyelu,Onwurah,Labour,Newcastle upon Tyne Central,https://twitter.com/ChiOnwurah,ChiOnwurah,female
Abena Oppong-Asare,Abena Oppong-Asare,Abena,Oppong-Asare,Labour,Erith and Thamesmead,https://twitter.com/abenaopp,abenaopp,female
Kate Osamor,Kate Osamor,Kate,Osamor,Labour,Edmonton,https://twitter.com/kateosamor,kateosamor,female
Kate Osborne,Kate Osborne,Katharine,Brooks-Osborne,Labour,Jarrow,https://twitter.com/KateOsborneMP,KateOsborneMP,female
Taiwo Owatemi,Taiwo Owatemi,Taiwo,Owatemi,Labour,Coventry North West,https://twitter.com/TaiwoOwatemi,TaiwoOwatemi,female
Sarah Owen,Sarah Owen,Sarah,Owen,Labour,Luton North,https://twitter.com/SarahOwen_,SarahOwen_,female
Stephanie Peacock,Stephanie Peacock,Stephanie,Peacock,Labour,Barnsley East,https://twitter.com/Steph_Peacock,Steph_Peacock,female
Matthew Pennycook,Matthew Pennycook,Matthew,Pennycook,Labour,Greenwich and Woolwich,https://twitter.com/mtpennycook,mtpennycook,male
Mr Toby Perkins,Toby Perkins,Matthew,Perkins,Labour,Chesterfield,https://twitter.com/tobyperkinsmp,tobyperkinsmp,male
Jess Phillips,Jess Phillips,Jessica,Phillips,Labour,"Birmingham, Yardley",https://twitter.com/jessphillips,jessphillips,female
Bridget Phillipson,Bridget Phillipson,Bridget,Phillipson,Labour,Houghton and Sunderland South,https://twitter.com/bphillipsonMP,bphillipsonMP,female
Luke Pollard,Luke Pollard,Luke,Pollard,Labour,"Plymouth, Sutton and Devonport",https://twitter.com/LukePollard,LukePollard,male
Lucy Powell,Lucy Powell,Lucy,Powell,Labour,Manchester Central,https://twitter.com/LucyMPowell,LucyMPowell,female
Yasmin Qureshi,Yasmin Qureshi,Yasmin,Qureshi,Labour,Bolton South East,https://twitter.com/YasminQureshiMP,YasminQureshiMP,female
Angela Rayner,Angela Rayner,Angela,Rayner,Labour,Ashton-under-Lyne,https://twitter.com/angelarayner,angelarayner,female
Steve Reed,Steve Reed,Steven,Reed,Labour,Croydon North,https://twitter.com/SteveReedMP,SteveReedMP,male
Christina Rees,Christina Rees,Christina,Rees,Labour,Neath,https://twitter.com/rees4neath,rees4neath,female
Ellie Reeves,Ellie Reeves,Eleanor,Reeves,Labour,Lewisham West and Penge,https://twitter.com/elliereeves,elliereeves,female
Rachel Reeves,Rachel Reeves,Rachel,Reeves,Labour,Leeds West,https://twitter.com/RachelReevesMP,RachelReevesMP,female
Jonathan Reynolds,Jonathan Reynolds,Jonathan,Reynolds,Labour,Stalybridge and Hyde,https://twitter.com/jreynoldsMP,jreynoldsMP,male
Bell Ribeiro-Addy,Bell Ribeiro-Addy,Bellavia,Ribeiro-Addy,Labour,Streatham,https://twitter.com/BellRibeiroAddy,BellRibeiroAddy,female
Ms Marie Rimmer,Marie Rimmer,Marie,Rimmer,Labour,St Helens South and Whiston,https://twitter.com/MarieRimmerMP,MarieRimmerMP,female
Matt Rodda,Matt Rodda,Mathew,Rodda,Labour,Reading East,https://twitter.com/MattRodda,MattRodda,male
Lloyd Russell-Moyle,Lloyd Russell-Moyle,Lloyd,Russell-Moyle,Labour,"Brighton, Kemptown",https://twitter.com/lloyd_rm,lloyd_rm,male
Naz Shah,Naz Shah,Naseem,Shah,Labour,Bradford West,https://twitter.com/nazshahbfd,nazshahbfd,female
Mr Virendra Sharma,Virendra Sharma,Virendra,Sharma,Labour,"Ealing, Southall",https://twitter.com/VirendraSharma,VirendraSharma,male
Mr Barry Sheerman,Barry Sheerman,Barry,Sheerman,Labour,Huddersfield,https://twitter.com/BarrySheerman,BarrySheerman,male
Tulip Siddiq,Tulip Siddiq,Tulip,Siddiq,Labour,Hampstead and Kilburn,https://twitter.com/tulipsiddiq,tulipsiddiq,female
Andy Slaughter,Andy Slaughter,Andrew,Slaughter,Labour,Hammersmith,https://twitter.com/hammersmithandy,hammersmithandy,male
Cat Smith,Cat Smith,Catherine,Smith,Labour,Lancaster and Fleetwood,https://twitter.com/CatSmithMP,CatSmithMP,female
Jeff Smith,Jeff Smith,Jeffrey,Smith,Labour,"Manchester, Withington",https://twitter.com/jeffsmithetc,jeffsmithetc,male
Nick Smith,Nick Smith,Nicholas,Smith,Labour,Blaenau Gwent,https://twitter.com/BlaenauGwentMP,BlaenauGwentMP,male
Karin Smyth,Karin Smyth,Karin,Smyth,Labour,Bristol South,https://twitter.com/karinsmyth,karinsmyth,female
Alex Sobel,Alex Sobel,Alexander,Sobel,Labour,Leeds North West,https://twitter.com/alexsobel,alexsobel,male
John Spellar,John Spellar,John,Spellar,Labour,Warley,https://twitter.com/spellar,spellar,male
Keir Starmer,Keir Starmer,Keir,Starmer,Labour,Holborn and St Pancras,https://twitter.com/keir_starmer,Keir_starmer,male
Jo Stevens,Jo Stevens,Joanna,Stevens,Labour,Cardiff Central,https://twitter.com/jostevenslabour,jostevenslabour,female
Wes Streeting,Wes Streeting,Wesley,Streeting,Labour,Ilford North,https://twitter.com/wesstreeting,wesstreeting,male
Graham Stringer,Graham Stringer,Graham,Stringer,Labour,Blackley and Broughton,,,male
Zarah Sultana,Zarah Sultana,Zarah,Sultana,Labour,Coventry South,https://twitter.com/zarahsultana,zarahsultana,female
Mark Tami,Mark Tami,Mark,Tami,Labour,Alyn and Deeside,https://twitter.com/MarkTamiMP,MarkTamiMP,male
Sam Tarry,Sam Tarry,Samuel,Tarry,Labour,Ilford South,https://twitter.com/SamTarry,SamTarry,male
Nick Thomas-Symonds,Nick Thomas-Symonds,Nicklaus,Thomas-Symonds,Labour,Torfaen,https://twitter.com/NickTorfaen,NickTorfaen,male
Gareth Thomas,Gareth Thomas,Gareth,Thomas,Labour,Harrow West,https://twitter.com/GarethThomasMP,GarethThomasMP,male
Emily Thornberry,Emily Thornberry,Emily,Thornberry,Labour,Islington South and Finsbury,https://twitter.com/EmilyThornberry,EmilyThornberry,female
Stephen Timms,Stephen Timms,Stephen,Timms,Labour,East Ham,https://twitter.com/stephenctimms,stephenctimms,male
Jon Trickett,Jon Trickett,Jon,Trickett,Labour,Hemsworth,https://twitter.com/jon_trickett,jon_trickett,male
Karl Turner,Karl Turner,Karl,Turner,Labour,Kingston upon Hull East,https://twitter.com/KarlTurnerMP,KarlTurnerMP,male
Derek Twigg,Derek Twigg,John,Twigg,Labour,Halton,https://twitter.com/DerekTwiggMP,DerekTwiggMP,male
Liz Twist,Liz Twist,Mary,Twist,Labour,Blaydon,https://twitter.com/LizTwistMP,LizTwistMP,female
Valerie Vaz,Valerie Vaz,Valerie,Vaz,Labour,Walsall South,https://twitter.com/Valerie_VazMP,Valerie_VazMP,female
Catherine West,Catherine West,Catherine,West,Labour,Hornsey and Wood Green,https://twitter.com/catherinewest1,catherinewest1,female
Matt Western,Matt Western,Matthew,Western,Labour,Warwick and Leamington,https://twitter.com/mattwestern_,mattwestern_,male
Dr Alan Whitehead,Alan Whitehead,Alan,Whitehead,Labour,"Southampton, Test",https://twitter.com/alanwhiteheadmp,alanwhiteheadmp,male
Mick Whitley,Mick Whitley,Michael,Whitley,Labour,Birkenhead,https://twitter.com/GrassrootsMick1,GrassrootsMick1,male
Nadia Whittome,Nadia Whittome,Nadia,Whittome,Labour,Nottingham East,https://twitter.com/NadiaWhittomeMP,NadiaWhittomeMP,female
Beth Winter,Beth Winter,Bethan,Winter,Labour,Cynon Valley,https://twitter.com/BethWinterMP,BethWinterMP,female
Dame Rosie Winterton,Rosie Winterton,Rosalie,Winterton,Labour,Doncaster Central,,,female
Mohammad Yasin,Mohammad Yasin,Mohammad,Yasin,Labour,Bedford,https://twitter.com/YasinForBedford,YasinForBedford,male
Daniel Zeichner,Daniel Zeichner,Daniel,Zeichner,Labour,Cambridge,https://twitter.com/danielzeichner,danielzeichner,male
Mr Alistair Carmichael,Alistair Carmichael,Alexander,Carmichael,Liberal Democrat,Orkney and Shetland,https://twitter.com/amcarmichaelMP,amcarmichaelMP,male
Wendy Chamberlain,Wendy Chamberlain,Wendy,Chamberlain,Liberal Democrat,North East Fife,https://twitter.com/wendychambld,wendychambld,female
Daisy Cooper,Daisy Cooper,Daisy,Cooper,Liberal Democrat,St Albans,https://twitter.com/libdemdaisy,libdemdaisy,female
Ed Davey,Ed Davey,Edward,Davey,Liberal Democrat,Kingston and Surbiton,https://twitter.com/EdwardJDavey,EdwardJDavey,male
Tim Farron,Tim Farron,Timothy,Farron,Liberal Democrat,Westmorland and Lonsdale,https://twitter.com/timfarron,timfarron,male
Wera Hobhouse,Wera Hobhouse,Wera,Hobhouse,Liberal Democrat,Bath,https://twitter.com/Wera_Hobhouse,Wera_Hobhouse,female
Christine Jardine,Christine Jardine,Christine,Jardine,Liberal Democrat,Edinburgh West,https://twitter.com/CajardineMP,CajardineMP,female
Layla Moran,Layla Moran,Layla,Moran,Liberal Democrat,Oxford West and Abingdon,https://twitter.com/laylamoran,laylamoran,female
Sarah Olney,Sarah Olney,Sarah,Olney,Liberal Democrat,Richmond Park,https://twitter.com/sarahjolney1,sarahjolney1,female
Jamie Stone,Jamie Stone,Jamie,Stone,Liberal Democrat,"Caithness, Sutherland and Easter Ross",https://twitter.com/Jamie4North,Jamie4North,male
Munira Wilson,Munira Wilson,Munira,Wilson,Liberal Democrat,Twickenham,https://twitter.com/munirawilson,munirawilson,female
Jeremy Corbyn,Jeremy Corbyn,Jeremy,Corbyn,Independent,Islington North,https://twitter.com/jeremycorbyn,jeremycorbyn,male
Colum Eastwood,Colum Eastwood,Colum,Eastwood,Social Democratic & Labour Party,Foyle,https://twitter.com/columeastwood,columeastwood,male
Jonathan Edwards,Jonathan Edwards,David,Edwards,Independent,Carmarthen East and Dinefwr,,,male
Stephen Farry,Stephen Farry,Stephen,Farry,Alliance,North Down,https://twitter.com/StephenFarryMP,StephenFarryMP,male
Margaret Ferrier,Margaret Ferrier,Margaret,Ferrier,Independent,Rutherglen and Hamilton West,https://twitter.com/MargaretFerrier,MargaretFerrier,female
Claire Hanna,Claire Hanna,Claire,Hanna,Social Democratic & Labour Party,Belfast South,https://twitter.com/ClaireHanna,ClaireHanna,female
Neale Hanvey,Neale Hanvey,James Neale,Hanvey,Alba Party,Kirkcaldy and Cowdenbeath,https://twitter.com/JNHanvey,JNHanvey,male
Sir Lindsay Hoyle,Lindsay Hoyle,Lindsay,Hoyle,Speaker,Chorley,https://twitter.com/LindsayHoyle_MP,LindsayHoyle_MP,male
Ben Lake,Ben Lake,Ben,Lake,Plaid Cymru,Ceredigion,https://twitter.com/BenMLake,BenMLake,male
Caroline Lucas,Caroline Lucas,Caroline,Lucas,Green Party,"Brighton, Pavilion",https://twitter.com/CarolineLucas,CarolineLucas,female
Kenny MacAskill,Kenny MacAskill,Kenny,MacAskill,Alba Party,East Lothian,https://twitter.com/KennyMacAskill,KennyMacAskill,male
Liz Saville Roberts,Liz Saville Roberts,Liz,Saville Roberts,Plaid Cymru,Dwyfor Meirionnydd,https://twitter.com/lsrplaid,lsrplaid,female
Claudia Webbe,Claudia Webbe,Claudia,Webbe,Independent,Leicester East,https://twitter.com/ClaudiaWebbe,ClaudiaWebbe,female
Hywel Williams,Hywel Williams,Hywel,Williams,Plaid Cymru,Arfon,https://twitter.com/hywelplaidcymru,hywelplaidcymru,male
Hannah Bardell,Hannah Bardell,Hannah,Bardell,Scottish National Party,Livingston,https://twitter.com/hannahb4livimp,hannahb4livimp,female
Mhairi Black,Mhairi Black,Mhairi,Black,Scottish National Party,Paisley and Renfrewshire South,https://twitter.com/MhairiBlack,MhairiBlack,female
Ian Blackford,Ian Blackford,Ian,Blackford,Scottish National Party,"Ross, Skye and Lochaber",https://twitter.com/Ianblackford_MP,Ianblackford_MP,male
Kirsty Blackman,Kirsty Blackman,Kirsty,Blackman,Scottish National Party,Aberdeen North,https://twitter.com/KirstySNP,KirstySNP,female
Steven Bonnar,Steven Bonnar,Steven,Bonnar,Scottish National Party,"Coatbridge, Chryston and Bellshill",https://twitter.com/StevenBonnarSNP,StevenBonnarSNP,male
Deidre Brock,Deidre Brock,Deidre,Brock,Scottish National Party,Edinburgh North and Leith,https://twitter.com/deidrebrock,deidrebrock,female
Alan Brown,Alan Brown,Alan,Brown,Scottish National Party,Kilmarnock and Loudoun,https://twitter.com/alanbrownsnp,alanbrownsnp,male
Amy Callaghan,Amy Callaghan,Amy,Callaghan,Scottish National Party,East Dunbartonshire,https://twitter.com/AmyCallaghanSNP,AmyCallaghanSNP,female
Dr Lisa Cameron,Lisa Cameron,Lisa,Cameron,Scottish National Party,"East Kilbride, Strathaven and Lesmahagow",https://twitter.com/DrLisaCameronMP,DrLisaCameronMP,female
Douglas Chapman,Douglas Chapman,Douglas,Chapman,Scottish National Party,Dunfermline and West Fife,https://twitter.com/dougchapmansnp,dougchapmansnp,male
Joanna Cherry,Joanna Cherry,Joanna,Cherry,Scottish National Party,Edinburgh South West,https://twitter.com/joannaccherry,joannaccherry,female
Ronnie Cowan,Ronnie Cowan,Ronald,Cowan,Scottish National Party,Inverclyde,https://twitter.com/ronniecowan,ronniecowan,male
Angela Crawley,Angela Crawley,Angela,Crawley,Scottish National Party,Lanark and Hamilton East,https://twitter.com/angelacrawley30,angelacrawley30,female
Martyn Day,Martyn Day,Martyn,Day,Scottish National Party,Linlithgow and East Falkirk,https://twitter.com/MartynDaySNP,MartynDaySNP,male
Martin Docherty-Hughes,Martin Docherty-Hughes,Martin,Docherty-Hughes,Scottish National Party,West Dunbartonshire,https://twitter.com/martinjdocherty,martinjdocherty,male
Dave Doogan,Dave Doogan,David,Doogan,Scottish National Party,Angus,https://twitter.com/davedoogansnp,davedoogansnp,male
Allan Dorans,Allan Dorans,Allan,Dorans,Scottish National Party,"Ayr, Carrick and Cumnock",https://twitter.com/allandoransMP,allandoransMP,male
Marion Fellows,Marion Fellows,Marion,Fellows,Scottish National Party,Motherwell and Wishaw,https://twitter.com/marionfellows,marionfellows,female
Stephen Flynn,Stephen Flynn,Stephen,Flynn,Scottish National Party,Aberdeen South,https://twitter.com/StephenFlynnSNP,StephenFlynnSNP,male
Patricia Gibson,Patricia Gibson,Patricia,Gibson,Scottish National Party,North Ayrshire and Arran,https://twitter.com/PGibsonSNP,PGibsonSNP,female
Patrick Grady,Patrick Grady,Patrick,Grady,Scottish National Party,Glasgow North,https://twitter.com/gradysnp,gradysnp,male
Peter Grant,Peter Grant,Peter,Grant,Scottish National Party,Glenrothes,https://twitter.com/petergrantmp,petergrantmp,male
Drew Hendry,Drew Hendry,Andrew,Hendry,Scottish National Party,"Inverness, Nairn, Badenoch and Strathspey",https://twitter.com/drewhendrysnp,drewhendrysnp,male
Stewart Hosie,Stewart Hosie,Stewart,Hosie,Scottish National Party,Dundee East,https://twitter.com/StewartHosieSNP,StewartHosieSNP,male
Chris Law,Chris Law,Christopher,Law,Scottish National Party,Dundee West,https://twitter.com/chrislawsnp,chrislawsnp,male
David Linden,David Linden,David,Linden,Scottish National Party,Glasgow East,https://twitter.com/DavidLinden,DavidLinden,male
Angus Brendan MacNeil,Angus Brendan MacNeil,Angus,MacNeil,Scottish National Party,Na h-Eileanan an Iar,https://twitter.com/angusmacneilsnp,angusmacneilsnp,male
Stewart Malcolm McDonald,Stewart Malcolm McDonald,Stewart,McDonald,Scottish National Party,Glasgow South,https://twitter.com/stewartmcdonald,stewartmcdonald,male
Stuart C McDonald,Stuart C McDonald,Stuart,McDonald,Scottish National Party,"Cumbernauld, Kilsyth and Kirkintilloch East",https://twitter.com/stuart_mcdonald,stuart_mcdonald,male
Anne McLaughlin,Anne McLaughlin,Elizabeth Anne,McLaughlin,Scottish National Party,Glasgow North East,https://twitter.com/annemclaughlin,annemclaughlin,female
John McNally,John McNally,John,McNally,Scottish National Party,Falkirk,https://twitter.com/JohnMcNallySNP,JohnMcNallySNP,male
Carol Monaghan,Carol Monaghan,Carol,Monaghan,Scottish National Party,Glasgow North West,https://twitter.com/cmonaghansnp,cmonaghansnp,female
Gavin Newlands,Gavin Newlands,Gavin,Newlands,Scottish National Party,Paisley and Renfrewshire North,https://twitter.com/GavNewlandsSNP,GavNewlandsSNP,male
John Nicolson,John Nicolson,John,Nicolson,Scottish National Party,Ochil and South Perthshire,https://twitter.com/mrjohnnicolson,mrjohnnicolson,male
Brendan O'Hara,Brendan O'Hara,Brendan,O'Hara,Scottish National Party,Argyll and Bute,,,male
Kirsten Oswald,Kirsten Oswald,Kirsten,Oswald,Scottish National Party,East Renfrewshire,https://twitter.com/kirstenoswald,kirstenoswald,female
Tommy Sheppard,Tommy Sheppard,Thomas,Sheppard,Scottish National Party,Edinburgh East,https://twitter.com/tommysheppard,tommysheppard,male
Alyn Smith,Alyn Smith,Alyn,Smith,Scottish National Party,Stirling,https://twitter.com/AlynSmith,AlynSmith,male
Chris Stephens,Chris Stephens,Christopher,Stephens,Scottish National Party,Glasgow South West,https://twitter.com/ChrisStephens,ChrisStephens,male
Alison Thewliss,Alison Thewliss,Alison,Thewliss,Scottish National Party,Glasgow Central,https://twitter.com/alisonthewliss,alisonthewliss,female
Owen Thompson,Owen Thompson,Owen,Thompson,Scottish National Party,Midlothian,https://twitter.com/OwenThompson,OwenThompson,male
Richard Thomson,Richard Thomson,Richard,Thomson,Scottish National Party,Gordon,https://twitter.com/rthomsonmp,rthomsonmp,male
Dr Philippa Whitford,Philippa Whitford,Philippa,Whitford,Scottish National Party,Central Ayrshire,https://twitter.com/Dr_PhilippaW,Dr_PhilippaW,female
Pete Wishart,Pete Wishart,Peter,Wishart,Scottish National Party,Perth and North Perthshire,https://twitter.com/PeteWishart,PeteWishart,male
Orfhlaith Begley,Orfhlaith Begley,Orfhlaith,Begley,Sinn Féin ,West Tyrone,https://twitter.com/OrfhlaithBegley,OrfhlaithBegley,female
Mickey Brady,Mickey Brady,Michael,Brady,Sinn Féin ,Newry and Armagh,https://twitter.com/MickeyBradySF,MickeyBradySF,male
John Finucane,John Finucane,John,Finucane,Sinn Féin ,Belfast North,https://twitter.com/johnfinucane,johnfinucane,male
Michelle Gildernew,Michelle Gildernew,Michelle,Gildernew,Sinn Féin ,Fermanagh and South Tyrone,https://twitter.com/gildernewm,gildernewm,female
Chris Hazzard,Chris Hazzard,Christopher,Hazzard,Sinn Féin ,South Down,https://twitter.com/ChrisHazzardSF,ChrisHazzardSF,male
Paul Maskey,Paul Maskey,Paul,Maskey,Sinn Féin ,Belfast West,https://twitter.com/PaulMaskeyMP,PaulMaskeyMP,male
Francie Molloy,Francie Molloy,Francis,Molloy,Sinn Féin ,Mid Ulster,https://twitter.com/FrancieMolloy,FrancieMolloy,male
